ti:214826188,1,696,gi|880803716|gb|KM977569.1|,1996,1298,688,98.286,700,696,Cloning and transformation vector pOT2-3GLA, complete sequence
ti:211030522,7,712,gi|291482250|emb|FN668375.1|,4213845,4214552,705,99.576,708,712,Clostridium difficile M68, complete genome
ti:211221340,1,710,gi|880803716|gb|KM977569.1|,1996,1284,701,98.179,714,710,Cloning and transformation vector pOT2-3GLA, complete sequence
ti:211209482,1,703,gi|291482250|emb|FN668375.1|,4213852,4214554,702,99.858,703,703,Clostridium difficile M68, complete genome
ti:214808072,1,697,gi|880803716|gb|KM977569.1|,1996,1298,690,98.431,701,697,Cloning and transformation vector pOT2-3GLA, complete sequence
ti:211519263,3,698,gi|291482250|emb|FN668375.1|,4213849,4214544,695,99.856,696,698,Clostridium difficile M68, complete genome
ti:229278753,1,719,gi|291482250|emb|FN668375.1|,4213855,4214573,716,99.583,719,719,Clostridium difficile M68, complete genome
ti:229126638,1,713,gi|880803716|gb|KM977569.1|,1996,1280,706,98.329,718,713,Cloning and transformation vector pOT2-3GLA, complete sequence
ti:228989140,5,730,gi|291482250|emb|FN668375.1|,4213845,4214571,722,99.312,727,730,Clostridium difficile M68, complete genome
ti:229422631,7,727,gi|291482250|emb|FN668375.1|,4213845,4214567,718,99.308,723,727,Clostridium difficile M68, complete genome
ti:235862952,1,722,gi|2609791678|gb|OR652420.1|,111317,112038,722,100.000,722,722,Human gammaherpesvirus 4 strain 719, partial genome
ti:236080961,1,137,gi|1832211464|gb|CP050998.1|,4718118,4717981,134,97.101,138,137,Escherichia coli O39:NM str. F8704-2 chromosome, complete genome
ti:236077359,1,118,gi|2609791711|gb|OR652423.1|,14501,14618,118,100.000,118,118,Human gammaherpesvirus 4 strain 740, partial genome
ti:235843338,1,693,gi|291482250|emb|FN668375.1|,4213851,4214543,693,100.000,693,693,Clostridium difficile M68, complete genome
ti:236517380,1,100,gi|1997758012|emb|HG994388.1|,81285697,81285796,99,99.000,100,103,Canis lupus genome assembly, chromosome: 7
ti:236527057,4,205,gi|2241586125|emb|LR994536.1|,136556,136757,201,99.505,202,205,Human gammaherpesvirus 4 genome assembly, plasmid: 1
ti:236546789,3,704,gi|2609791678|gb|OR652420.1|,117825,117124,700,99.715,702,704,Human gammaherpesvirus 4 strain 719, partial genome
ti:236502963,1,511,gi|2086089319|gb|MT648657.1|,157554,157044,507,99.217,511,511,Human gammaherpesvirus 4 isolate Necker-16, partial genome
ti:247581808,1,621,gi|291482250|emb|FN668375.1|,4213888,4214508,614,98.873,621,621,Clostridium difficile M68, complete genome
ti:247353022,1,175,gi|2090938426|gb|CP082832.1|,182403,182577,174,99.429,175,175,Escherichia coli strain SCAID WND1-2021 (1/128) plasmid unnamed, complete sequence
ti:257695096,1,399,gi|1418479572|gb|CP023749.1|,833830,833432,379,94.987,399,399,Escherichia coli strain RTdelA_B_UU3 chromosome
ti:258225484,1,672,gi|2571040051|gb|OR130732.1|,9745,9073,672,99.851,673,672,Cloning vector pAVIC_HAstV_1_wt, complete sequence
ti:270723332,1,696,gi|880803716|gb|KM977569.1|,1996,1298,688,98.286,700,696,Cloning and transformation vector pOT2-3GLA, complete sequence
ti:270218538,1,88,gi|330752399|emb|FQ032819.1|,444,531,84,95.455,88,103,Uncultured Sphingobacteria bacterium, whole genome shotgun sequence
ti:271093570,1,622,gi|291482250|emb|FN668375.1|,4213857,4214478,619,99.518,622,622,Clostridium difficile M68, complete genome
ti:270904880,1,591,gi|291482250|emb|FN668375.1|,4213857,4214447,590,99.831,591,591,Clostridium difficile M68, complete genome
ti:269895375,1,207,gi|2637690952|gb|CP140504.1|,3127576,3127782,205,99.034,207,207,Escherichia coli strain 2023CK-01341 chromosome, complete genome
ti:271076421,1,692,gi|880803716|gb|KM977569.1|,1994,1300,686,98.563,696,692,Cloning and transformation vector pOT2-3GLA, complete sequence
ti:270830877,1,693,gi|291482250|emb|FN668375.1|,4213853,4214545,692,99.856,693,693,Clostridium difficile M68, complete genome
ti:271421156,73,770,gi|2636437428|gb|CP139904.1|,3054460,3055157,696,99.713,698,770,Escherichia coli strain THN257 chromosome, complete genome
ti:269775715,1,618,gi|291482250|emb|FN668375.1|,4213849,4214466,616,99.676,618,618,Clostridium difficile M68, complete genome
ti:269745023,1,699,gi|880803716|gb|KM977569.1|,1853,1155,697,99.714,699,699,Cloning and transformation vector pOT2-3GLA, complete sequence
ti:271448987,1,746,gi|2283065229|gb|CP076282.1|,868537,867792,740,99.196,746,746,Escherichia coli strain 442/2 chromosome, complete genome
ti:352831282,343,791,gi|51997116|emb|AJ783967.1|,568,120,448,99.777,449,791,Mycobacterium sp. HXN-1500 operon (ahpGHI genes)
ti:373104276,28,817,gi|2637690952|gb|CP140504.1|,3300242,3301031,787,99.620,790,819,Escherichia coli strain 2023CK-01341 chromosome, complete genome
ti:373390201,61,1044,gi|2627592510|gb|OQ077661.1|,61605,60619,982,99.393,988,1044,Mutant Human alphaherpesvirus 1 clone H129-Syn-G2, complete sequence
ti:372719741,5,998,gi|1047836662|gb|KX264180.1|,10964,9968,992,99.399,998,998,Cloning vector pWM91-L6-PT3-T4, complete sequence
ti:377498700,96,694,gi|45861225|gb|AY569777.1|,398,995,597,99.666,599,694,Cloning vector pZero++ Kan, complete sequence
ti:372735139,1,196,gi|2553036462|gb|OQ753846.1|,2937,3132,193,98.469,196,196,Adaptor vector BASTA AVBr6-2-x, complete sequence
ti:373343458,5,976,gi|1047836662|gb|KX264180.1|,10964,9992,969,99.487,974,976,Cloning vector pWM91-L6-PT3-T4, complete sequence
ti:372736019,28,464,gi|822600285|emb|HF948932.1|,290,726,435,99.542,437,464,Boechera divaricarpa GSS, clone B25-01-F_D20
ti:370261519,71,564,gi|2637690952|gb|CP140504.1|,354331,354824,494,100.000,494,564,Escherichia coli strain 2023CK-01341 chromosome, complete genome
ti:370267919,1,599,gi|2637690952|gb|CP140504.1|,4384514,4385112,599,100.000,599,599,Escherichia coli strain 2023CK-01341 chromosome, complete genome
ti:412893506,69,780,gi|407227151|emb|HE995436.1|,1584,2293,705,98.878,713,780,Cloning vector pSAWloxP-K
ti:411209037,1,98,gi|291482250|emb|FN668375.1|,4213936,4213839,96,97.959,98,120,Clostridium difficile M68, complete genome
ti:412902353,1,674,gi|1047836662|gb|KX264180.1|,10958,10285,653,96.884,674,674,Cloning vector pWM91-L6-PT3-T4, complete sequence
ti:412135388,1,180,gi|2634424328|gb|OR900247.1|,7019,6840,175,97.222,180,180,Cloning vector pLVSIN-CMV_Neo_v4.0, complete sequence
ti:436010201,38,305,gi|2044022486|gb|MW263064.1|,5212,5480,268,99.628,269,305,Vector p5014, complete sequence
ti:437085820,1,733,gi|1142722252|emb|LT727367.1|,5704,6436,733,100.000,733,733,Vector pMRS101, complete sequence
ti:437121055,42,473,gi|2044022486|gb|MW263064.1|,5212,5645,432,99.539,434,473,Vector p5014, complete sequence
ti:437077598,31,390,gi|2044022486|gb|MW263064.1|,5212,5574,360,99.174,363,390,Vector p5014, complete sequence
ti:687318219,1,745,gi|537459|gb|U14118.1|CVU14118,665,1409,736,98.396,748,747,Cloning vector pSG930, HIS4-based plasmid, complete sequence
ti:692494164,3,349,gi|51997116|emb|AJ783967.1|,586,238,337,96.562,349,349,Mycobacterium sp. HXN-1500 operon (ahpGHI genes)
ti:604918576,28,825,gi|254575550|gb|GQ258350.1|,5260,4465,789,98.872,798,825,Cloning vector pRama-35, complete sequence
ti:633941061,31,815,gi|1888627805|gb|CP059988.1|,1803725,1804510,783,99.618,786,815,Escherichia coli strain 154AHL.1 chromosome
ti:606980378,69,770,gi|1031987331|gb|AC270611.1|,8510,7809,702,100.000,702,770,Pan troglodytes chromosome 2 clone CH251-19L3, complete sequence
ti:691706504,27,771,gi|2625058072|gb|CP138910.1|,2937770,2938507,726,97.189,747,771,Escherichia coli strain EDEC1 chromosome
ti:685471279,293,735,gi|2484062685|gb|OQ415189.1|,5535,5094,440,99.099,444,735,Synthetic construct clone pNL2119, complete sequence
ti:645464384,3,233,gi|51997116|emb|AJ783967.1|,586,356,229,99.134,231,233,Mycobacterium sp. HXN-1500 operon (ahpGHI genes)
ti:688253018,1,162,gi|537459|gb|U14118.1|CVU14118,760,598,152,93.252,163,162,Cloning vector pSG930, HIS4-based plasmid, complete sequence
ti:688481107,1,536,gi|51997116|emb|AJ783967.1|,592,56,522,97.026,538,536,Mycobacterium sp. HXN-1500 operon (ahpGHI genes)
ti:641237304,1,585,gi|2576993029|gb|OR262465.1|,3684,3104,571,97.607,585,585,Vector pVMG0313_ebony_gRNA4, complete sequence
ti:688249989,65,683,gi|407227151|emb|HE995436.1|,1593,2212,605,97.581,620,683,Cloning vector pSAWloxP-K
ti:685467842,1,604,gi|537459|gb|U14118.1|CVU14118,671,1270,595,98.185,606,604,Cloning vector pSG930, HIS4-based plasmid, complete sequence
ti:692489770,20,785,gi|197734721|gb|EU933993.1|,5712,6475,762,99.478,766,785,Agrobacterium binary gap repair vector pGAP-Hyg, complete sequence
ti:692489878,3,350,gi|51997116|emb|AJ783967.1|,596,247,339,96.857,350,350,Mycobacterium sp. HXN-1500 operon (ahpGHI genes)
ti:613328927,19,818,gi|1109557343|gb|KY110710.1|,4830,5621,786,98.250,800,818,Cloning vector pTZeco013_1049del, partial sequence
ti:686781782,1,117,gi|834301941|dbj|LC014759.1|,335,451,111,94.872,117,117,Uncultured microorganism putative contaminants DNA, clone: preparation_2_N5_D10
ti:648247592,1,278,gi|537459|gb|U14118.1|CVU14118,760,484,264,94.624,279,278,Cloning vector pSG930, HIS4-based plasmid, complete sequence
ti:648250247,31,823,gi|401709825|dbj|AB713996.1|,4685,3897,787,99.243,793,823,Donor vector pZErOTM7ZeoGFPattB DNA, complete sequence
ti:636315012,1,757,gi|537459|gb|U14118.1|CVU14118,670,1422,748,98.811,757,757,Cloning vector pSG930, HIS4-based plasmid, complete sequence
ti:612727140,31,811,gi|2587939618|gb|CP119441.1|,3844893,3845672,778,99.616,781,811,Escherichia coli O121 strain 201805972 chromosome, complete genome
ti:633944975,30,814,gi|2637690952|gb|CP140504.1|,997932,997148,785,100.000,785,814,Escherichia coli strain 2023CK-01341 chromosome, complete genome
ti:654724761,3,757,gi|537459|gb|U14118.1|CVU14118,669,1421,749,99.205,755,757,Cloning vector pSG930, HIS4-based plasmid, complete sequence
ti:692486960,26,587,gi|2634424328|gb|OR900247.1|,6705,7265,552,98.221,562,587,Cloning vector pLVSIN-CMV_Neo_v4.0, complete sequence
ti:692484026,30,770,gi|2627592510|gb|OQ077661.1|,62590,61850,740,99.865,741,770,Mutant Human alphaherpesvirus 1 clone H129-Syn-G2, complete sequence
ti:641239985,1,736,gi|537459|gb|U14118.1|CVU14118,671,1405,729,98.915,737,736,Cloning vector pSG930, HIS4-based plasmid, complete sequence
ti:686788353,1,265,gi|2634424328|gb|OR900247.1|,6718,6982,263,99.245,265,265,Cloning vector pLVSIN-CMV_Neo_v4.0, complete sequence
ti:651179567,27,786,gi|822602057|emb|HF950705.1|,144,901,757,99.605,760,786,Boechera divaricarpa GSS, clone B53-01-F_N18
ti:714307441,27,800,gi|2634424328|gb|OR900247.1|,6783,7555,771,99.612,774,800,Cloning vector pLVSIN-CMV_Neo_v4.0, complete sequence
ti:612721074,138,784,gi|537459|gb|U14118.1|CVU14118,692,1338,646,99.845,647,784,Cloning vector pSG930, HIS4-based plasmid, complete sequence
ti:719667955,1,266,gi|2521020869|gb|CP127224.1|,3825255,3825518,258,96.992,266,266,Bacillus sp. L381 chromosome, complete genome
ti:633944907,28,795,gi|209003|gb|M36415.1|SYNPFXBLUE,1574,2341,768,100.000,768,795,Synthetic E.coli pfxblue gene, complete cds
ti:687775643,3,555,gi|51997116|emb|AJ783967.1|,586,33,541,97.302,556,555,Mycobacterium sp. HXN-1500 operon (ahpGHI genes)
ti:603763793,31,807,gi|2528177398|gb|CP128500.1|,38247,39022,773,99.485,777,807,Bacillus amyloliquefaciens strain SRCM123364 chromosome, complete genome
ti:648251812,27,792,gi|2634424328|gb|OR900247.1|,6828,7592,764,99.739,766,792,Cloning vector pLVSIN-CMV_Neo_v4.0, complete sequence
ti:636315288,3,352,gi|448278710|gb|KC010429.1|,10410,10062,333,94.872,351,359,Adenoviral vector pAdSh.SR(alpha).lacZ(Delta)CpG, complete sequence
ti:651179581,32,786,gi|2637722068|gb|CP140520.1|,74763,75517,754,99.868,755,786,Escherichia coli strain PNUSAE151637 plasmid unnamed1, complete sequence
ti:687242213,1,765,gi|537459|gb|U14118.1|CVU14118,675,1434,745,96.753,770,765,Cloning vector pSG930, HIS4-based plasmid, complete sequence
ti:641238757,1,317,gi|448278710|gb|KC010429.1|,10372,10056,304,95.899,317,368,Adenoviral vector pAdSh.SR(alpha).lacZ(Delta)CpG, complete sequence
ti:686784881,60,682,gi|407227151|emb|HE995436.1|,1364,1985,607,97.276,624,682,Cloning vector pSAWloxP-K
ti:692488636,65,848,gi|2017195289|gb|CP069682.1|,1249159,1248376,781,99.490,785,848,Escherichia coli O176:H45 strain MIN9 chromosome, complete genome
ti:636319247,21,383,gi|2634424328|gb|OR900247.1|,6780,7142,359,98.898,363,383,Cloning vector pLVSIN-CMV_Neo_v4.0, complete sequence
ti:692492466,65,777,gi|2485041236|gb|CP099106.1|,1518004,1517293,709,99.439,713,777,Escherichia coli strain RHB41-E2-C01 chromosome, complete genome
ti:714310399,1,297,gi|1142722844|emb|LT727514.1|,6689,6984,287,96.633,297,300,Mammalian expression vector pEMBLyex4, complete sequence
ti:607218122,27,791,gi|2528208118|gb|CP128501.1|,3966310,3965546,762,99.608,765,791,Bacillus amyloliquefaciens strain SRCM123386 chromosome, complete genome
ti:691707945,1,65,gi|15636799|gb|AY046510.1|,1199,1263,65,100.000,65,120,Adenoviral expression vector Ad-hiNOS, complete sequence
ti:728913991,1,718,gi|537459|gb|U14118.1|CVU14118,672,1387,704,97.642,721,718,Cloning vector pSG930, HIS4-based plasmid, complete sequence
ti:686244761,1,682,gi|537459|gb|U14118.1|CVU14118,671,1354,672,98.102,685,682,Cloning vector pSG930, HIS4-based plasmid, complete sequence
ti:637492484,3,264,gi|51997116|emb|AJ783967.1|,586,325,254,96.947,262,264,Mycobacterium sp. HXN-1500 operon (ahpGHI genes)
ti:631054624,1,436,gi|1031987331|gb|AC270611.1|,2226,1791,434,99.541,436,436,Pan troglodytes chromosome 2 clone CH251-19L3, complete sequence
ti:712575084,28,806,gi|1031987331|gb|AC270611.1|,6012,5236,772,99.101,779,806,Pan troglodytes chromosome 2 clone CH251-19L3, complete sequence
ti:691703214,1,163,gi|2634424328|gb|OR900247.1|,6679,6841,160,98.160,163,163,Cloning vector pLVSIN-CMV_Neo_v4.0, complete sequence
ti:686239297,1,234,gi|17148528|emb|AJ420893.1|,455,689,229,97.447,235,234,Entandrophragma cylindricum microsatellite DNA, clone pEcCIR247
ti:687242897,64,804,gi|2627592510|gb|OQ077661.1|,60789,61527,739,99.730,741,804,Mutant Human alphaherpesvirus 1 clone H129-Syn-G2, complete sequence
ti:631174930,31,748,gi|2637690952|gb|CP140504.1|,1092607,1093321,715,99.582,718,748,Escherichia coli strain 2023CK-01341 chromosome, complete genome
ti:691704809,1,197,gi|7021168|dbj|AK000847.1|,2000,2197,185,93.434,198,197,Homo sapiens cDNA FLJ20840 fis, clone ADKA02336
ti:636318590,23,524,gi|772518129|gb|KM880129.1|,6363,6862,492,98.008,502,524,Cloning vector pDONRpEX18Ap, complete sequence
ti:687315379,30,823,gi|2259607895|dbj|LC716685.1|,1328,2115,788,99.244,794,823,Entry vector pMpGE_EnM01 DNA, complete sequence
ti:633945817,143,404,gi|2484062685|gb|OQ415189.1|,5539,5280,245,93.511,262,404,Synthetic construct clone pNL2119, complete sequence
ti:641240004,1,569,gi|2576993029|gb|OR262465.1|,3681,3115,561,98.594,569,569,Vector pVMG0313_ebony_gRNA4, complete sequence
ti:637495980,30,859,gi|1539246386|emb|LR134082.1|,3597429,3596604,826,99.518,830,865,Escherichia coli strain NCTC9038 genome assembly, chromosome: 1
ti:606990870,31,813,gi|1881376808|gb|CP057270.1|,3963464,3964246,781,99.745,783,813,Escherichia coli strain RHB31-C04 chromosome, complete genome
ti:687779442,1,814,gi|537459|gb|U14118.1|CVU14118,671,1481,794,97.423,815,819,Cloning vector pSG930, HIS4-based plasmid, complete sequence
ti:641237002,42,653,gi|407227151|emb|HE995436.1|,1342,1949,602,98.046,614,653,Cloning vector pSAWloxP-K
ti:728909641,31,828,gi|2636437428|gb|CP139904.1|,4292434,4293228,794,99.499,798,828,Escherichia coli strain THN257 chromosome, complete genome
ti:687315354,7,794,gi|1820428021|gb|MN172192.1|,3345,4124,775,98.350,788,794,Synthetic construct strain HBV/gtH, complete sequence
ti:687781554,32,815,gi|1246431154|gb|AC275850.1|,193923,193142,780,99.490,784,815,Pongo abelii chromosome 17 clone CH276-56K9, complete sequence
ti:728916631,65,692,gi|407227151|emb|HE995436.1|,1594,2219,614,97.615,629,693,Cloning vector pSAWloxP-K
ti:636310123,33,777,gi|2637690952|gb|CP140504.1|,4603422,4604165,743,99.732,745,777,Escherichia coli strain 2023CK-01341 chromosome, complete genome
ti:686243247,1,757,gi|537459|gb|U14118.1|CVU14118,671,1424,743,97.892,759,757,Cloning vector pSG930, HIS4-based plasmid, complete sequence
ti:606990527,65,819,gi|2528208118|gb|CP128501.1|,3965559,3966313,753,99.735,755,819,Bacillus amyloliquefaciens strain SRCM123386 chromosome, complete genome
ti:645461288,14,349,gi|2636437428|gb|CP139904.1|,4062043,4062377,323,96.131,336,349,Escherichia coli strain THN257 chromosome, complete genome
ti:631174957,7,367,gi|2452515279|gb|OP948131.1|,3984,4342,350,96.953,361,367,piggyBac transposase driven by Pmubl promoter
ti:688484010,62,696,gi|407227151|emb|HE995436.1|,1640,2266,607,95.440,636,696,Cloning vector pSAWloxP-K
ti:692027778,28,775,gi|2636437428|gb|CP139904.1|,1637597,1636853,744,99.465,748,775,Escherichia coli strain THN257 chromosome, complete genome
ti:686241464,31,810,gi|2636437428|gb|CP139904.1|,4083560,4082779,775,99.105,782,810,Escherichia coli strain THN257 chromosome, complete genome
ti:641242432,3,335,gi|51997116|emb|AJ783967.1|,586,256,325,97.015,335,335,Mycobacterium sp. HXN-1500 operon (ahpGHI genes)
ti:685465875,63,794,gi|2627592510|gb|OQ077661.1|,56415,57146,732,100.000,732,794,Mutant Human alphaherpesvirus 1 clone H129-Syn-G2, complete sequence
ti:606981205,69,845,gi|2637690952|gb|CP140504.1|,3000596,3001368,772,99.356,777,845,Escherichia coli strain 2023CK-01341 chromosome, complete genome
ti:685474362,65,742,gi|2636437428|gb|CP139904.1|,4595117,4594440,678,100.000,678,742,Escherichia coli strain THN257 chromosome, complete genome
ti:687782584,28,655,gi|1538997286|gb|CP025840.1|,4308009,4308634,608,96.815,628,655,Escherichia coli strain 214-4 chromosome, complete genome
ti:612717835,1,707,gi|1418479572|gb|CP023749.1|,2107042,2106339,696,98.444,707,714,Escherichia coli strain RTdelA_B_UU3 chromosome
ti:688255608,65,800,gi|2637690952|gb|CP140504.1|,4614129,4613394,736,100.000,736,800,Escherichia coli strain 2023CK-01341 chromosome, complete genome
ti:654729814,1,496,gi|2950219|emb|Y10545.1|,274,771,465,93.000,500,496,Cloning vector pZeRO-2T
ti:606977853,28,776,gi|1031987331|gb|AC270611.1|,6054,5307,746,99.599,749,776,Pan troglodytes chromosome 2 clone CH251-19L3, complete sequence
ti:602871418,1,215,gi|532760712|gb|KF035120.1|,2585,2360,207,91.189,227,225,Cloning vector pCRm-luc2-NEO, complete sequence
ti:641244512,1,600,gi|407227151|emb|HE995436.1|,1353,1953,584,97.171,601,600,Cloning vector pSAWloxP-K
ti:686787388,64,761,gi|1933678036|gb|CP062865.1|,3207362,3206665,695,99.428,699,761,Escherichia coli O39:H21 strain Res13-Lact-PEB08-01 chromosome, complete genome
ti:613325604,65,806,gi|2636437428|gb|CP139904.1|,3057545,3058284,740,99.730,742,806,Escherichia coli strain THN257 chromosome, complete genome
ti:686787309,65,726,gi|1031987331|gb|AC270611.1|,8558,7896,660,99.548,663,726,Pan troglodytes chromosome 2 clone CH251-19L3, complete sequence
ti:636314052,3,415,gi|51997116|emb|AJ783967.1|,596,183,405,97.826,414,415,Mycobacterium sp. HXN-1500 operon (ahpGHI genes)
ti:712573542,1,512,gi|51997116|emb|AJ783967.1|,594,81,494,96.109,514,512,Mycobacterium sp. HXN-1500 operon (ahpGHI genes)
ti:641241403,1,726,gi|537459|gb|U14118.1|CVU14118,677,1394,709,97.658,726,732,Cloning vector pSG930, HIS4-based plasmid, complete sequence
ti:692493254,21,684,gi|2306449048|gb|MZ272056.1|,3467,2812,655,98.645,664,684,Vector YPL102, complete sequence
ti:613319499,30,818,gi|2636437428|gb|CP139904.1|,610546,609758,788,99.873,789,818,Escherichia coli strain THN257 chromosome, complete genome
ti:645463900,1,336,gi|51997116|emb|AJ783967.1|,576,241,325,96.154,338,336,Mycobacterium sp. HXN-1500 operon (ahpGHI genes)
ti:637496268,1,364,gi|2576993029|gb|OR262465.1|,3684,3322,357,98.077,364,385,Vector pVMG0313_ebony_gRNA4, complete sequence
ti:688258193,1,268,gi|537459|gb|U14118.1|CVU14118,760,491,261,96.667,270,268,Cloning vector pSG930, HIS4-based plasmid, complete sequence
ti:606976970,65,807,gi|2627592510|gb|OQ077661.1|,61734,60992,743,100.000,743,807,Mutant Human alphaherpesvirus 1 clone H129-Syn-G2, complete sequence
ti:651179867,27,806,gi|2634424328|gb|OR900247.1|,6915,7690,775,99.359,780,806,Cloning vector pLVSIN-CMV_Neo_v4.0, complete sequence
ti:686242762,1,489,gi|51997116|emb|AJ783967.1|,594,106,473,96.334,491,489,Mycobacterium sp. HXN-1500 operon (ahpGHI genes)
ti:648251773,1,778,gi|2576993029|gb|OR262465.1|,3701,2926,776,99.743,778,778,Vector pVMG0313_ebony_gRNA4, complete sequence
ti:633944527,1,484,gi|51997116|emb|AJ783967.1|,590,107,477,98.554,484,484,Mycobacterium sp. HXN-1500 operon (ahpGHI genes)
ti:687312645,3,732,gi|2637690952|gb|CP140504.1|,4725219,4725945,724,99.178,730,735,Escherichia coli strain 2023CK-01341 chromosome, complete genome
ti:612716172,65,809,gi|2636437428|gb|CP139904.1|,472964,472221,744,99.866,745,809,Escherichia coli strain THN257 chromosome, complete genome
ti:648254398,1,738,gi|537459|gb|U14118.1|CVU14118,671,1405,733,99.322,738,738,Cloning vector pSG930, HIS4-based plasmid, complete sequence
ti:641234454,65,443,gi|407227151|emb|HE995436.1|,1566,1945,379,99.737,380,443,Cloning vector pSAWloxP-K
ti:686243188,1,742,gi|537459|gb|U14118.1|CVU14118,671,1409,729,97.984,744,744,Cloning vector pSG930, HIS4-based plasmid, complete sequence
ti:1290399885,11,731,gi|1373450700|gb|MG880225.1|,16496,17222,718,98.762,727,731,Expression vector pSOSV/ZsG-FL, complete sequence
ti:1266495465,152,792,gi|2311012852|gb|ON055168.1|,9237,8598,639,99.533,642,792,Reverse genetics vector pLCK-EBIV-L, partial sequence
ti:1277159621,1,811,gi|2636437428|gb|CP139904.1|,1221092,1220282,810,99.877,811,811,Escherichia coli strain THN257 chromosome, complete genome
ti:1278539127,1,694,gi|1373450700|gb|MG880225.1|,16515,17204,687,98.991,694,694,Expression vector pSOSV/ZsG-FL, complete sequence
ti:1260408017,1,218,gi|2637690952|gb|CP140504.1|,164214,164431,213,97.706,218,218,Escherichia coli strain 2023CK-01341 chromosome, complete genome
ti:1277671579,11,788,gi|2627431335|gb|OR810931.1|,36600,37377,776,99.743,778,788,Cloning vector pVfC5-16N, complete sequence
ti:1283504365,7,872,gi|2528177398|gb|CP128500.1|,38154,39020,862,99.423,867,872,Bacillus amyloliquefaciens strain SRCM123364 chromosome, complete genome
ti:1260417203,1,646,gi|308026304|emb|FN820498.1|,9108,9750,631,97.678,646,647,Nuphar advena rpoTm2 gene for RNA polymerase, exons 1-19
ti:1277665303,1,203,gi|2528208118|gb|CP128501.1|,3965807,3965605,191,94.089,203,210,Bacillus amyloliquefaciens strain SRCM123386 chromosome, complete genome
ti:1263496631,11,789,gi|1373450700|gb|MG880225.1|,16462,17242,778,99.488,782,789,Expression vector pSOSV/ZsG-FL, complete sequence
ti:1271232578,1,390,gi|2637695255|gb|CP140505.1|,93104,92715,379,97.179,390,390,Escherichia coli strain 2023CK-01341 plasmid unnamed1, complete sequence
ti:1278495625,3,798,gi|1031987331|gb|AC270611.1|,7763,8559,795,99.749,797,798,Pan troglodytes chromosome 2 clone CH251-19L3, complete sequence
ti:1266487381,14,825,gi|2627431335|gb|OR810931.1|,36523,37335,811,99.631,814,825,Cloning vector pVfC5-16N, complete sequence
ti:1277168848,1,696,gi|1373450700|gb|MG880225.1|,16487,17183,694,99.570,697,696,Expression vector pSOSV/ZsG-FL, complete sequence
ti:1277660070,13,831,gi|2524811295|gb|CP107005.1|,2479677,2480493,812,98.904,821,831,Escherichia coli strain SY22A1 chromosome, complete genome
ti:1263495066,1,855,gi|527524054|gb|EU729725.2|,9,865,850,98.837,860,855,Cloning vector pSMARTGC LK, complete sequence
ti:1293032153,5,856,gi|2637690952|gb|CP140504.1|,3964953,3964103,851,99.883,852,856,Escherichia coli strain 2023CK-01341 chromosome, complete genome
ti:1278515292,1,258,gi|2627592510|gb|OQ077661.1|,54459,54716,257,99.612,258,258,Mutant Human alphaherpesvirus 1 clone H129-Syn-G2, complete sequence
ti:1263487544,1,284,gi|2636143630|gb|CP139796.1|,59239,58955,277,97.193,285,284,Escherichia coli strain Nord8 plasmid pNORD8_2
ti:1278523205,10,574,gi|1373450700|gb|MG880225.1|,16468,17033,565,99.823,566,574,Expression vector pSOSV/ZsG-FL, complete sequence
ti:1277905734,14,843,gi|1373450700|gb|MG880225.1|,16463,17294,827,99.280,833,843,Expression vector pSOSV/ZsG-FL, complete sequence
ti:1277671399,11,802,gi|2627431335|gb|OR810931.1|,37879,38670,789,99.621,792,802,Cloning vector pVfC5-16N, complete sequence
ti:1279162586,6,845,gi|2637690952|gb|CP140504.1|,3853678,3852839,840,100.000,840,845,Escherichia coli strain 2023CK-01341 chromosome, complete genome
ti:1267516445,1,842,gi|1880404750|gb|AC280300.1|,174116,174959,837,99.171,844,842,Pan troglodytes chromosome unknown clone CH251-262N05, complete sequence
ti:1262139677,11,755,gi|1373450700|gb|MG880225.1|,16464,17207,741,99.330,746,755,Expression vector pSOSV/ZsG-FL, complete sequence
ti:1263496284,10,774,gi|1373450700|gb|MG880225.1|,16462,17226,763,99.608,766,774,Expression vector pSOSV/ZsG-FL, complete sequence
ti:1266492941,11,809,gi|1603831013|gb|AC279083.1|,196160,196959,799,99.875,800,809,Pongo abelii chromosome 16 clone CH276-147P21, complete sequence
ti:1277171487,1,809,gi|2627592510|gb|OQ077661.1|,60730,61538,804,99.259,810,809,Mutant Human alphaherpesvirus 1 clone H129-Syn-G2, complete sequence
ti:1283503489,9,718,gi|2637690952|gb|CP140504.1|,4467544,4466828,710,99.024,717,718,Escherichia coli strain 2023CK-01341 chromosome, complete genome
ti:1262136605,1,593,gi|1373450700|gb|MG880225.1|,16513,17106,592,99.663,594,593,Expression vector pSOSV/ZsG-FL, complete sequence
ti:1269362710,1,727,gi|2637690952|gb|CP140504.1|,2577346,2578072,727,100.000,727,727,Escherichia coli strain 2023CK-01341 chromosome, complete genome
ti:1277661743,1,739,gi|1373450700|gb|MG880225.1|,16519,17256,737,99.729,739,739,Expression vector pSOSV/ZsG-FL, complete sequence
ti:1271231370,14,828,gi|2597777369|gb|CP107281.1|,3992601,3991786,814,99.755,816,828,Escherichia coli strain JCL301 chromosome, complete genome
ti:1260410132,3,869,gi|2636437428|gb|CP139904.1|,69696,68829,866,99.655,869,869,Escherichia coli strain THN257 chromosome, complete genome
ti:1277159754,2,855,gi|2637690952|gb|CP140504.1|,4475830,4474973,854,99.534,858,855,Escherichia coli strain 2023CK-01341 chromosome, complete genome
ti:1278507673,1,659,gi|1005547909|gb|KT754160.1|,57984,58642,658,99.848,659,659,Shigella dysenteriae strain 80-547 plasmid p80-547, complete sequence
ti:1269364752,1,711,gi|2528208118|gb|CP128501.1|,3965698,3966411,705,98.601,715,711,Bacillus amyloliquefaciens strain SRCM123386 chromosome, complete genome
ti:1267508672,1,352,gi|2528208118|gb|CP128501.1|,3966438,3966089,348,98.864,352,352,Bacillus amyloliquefaciens strain SRCM123386 chromosome, complete genome
ti:1278500581,11,647,gi|2627592510|gb|OQ077661.1|,56732,56090,637,99.067,643,647,Mutant Human alphaherpesvirus 1 clone H129-Syn-G2, complete sequence
ti:1266488978,1,426,gi|1031987331|gb|AC270611.1|,8863,8439,423,99.296,426,426,Pan troglodytes chromosome 2 clone CH251-19L3, complete sequence
ti:1258783601,1,205,gi|2637717002|gb|CP140519.1|,5130346,5130550,199,97.073,205,220,Escherichia coli strain PNUSAE151637 chromosome, complete genome
ti:1267508712,14,521,gi|2627592510|gb|OQ077661.1|,62075,62583,508,99.804,509,521,Mutant Human alphaherpesvirus 1 clone H129-Syn-G2, complete sequence
ti:1278508983,1,219,gi|1646270036|gb|CP040161.1|,1417791,1417573,219,100.000,219,219,Leishmania amazonensis strain UA301 chromosome 33
ti:1262143903,1,374,gi|2637690952|gb|CP140504.1|,4748703,4749076,371,99.198,374,374,Escherichia coli strain 2023CK-01341 chromosome, complete genome
ti:1278525724,12,809,gi|2627431335|gb|OR810931.1|,38176,38975,798,99.750,800,809,Cloning vector pVfC5-16N, complete sequence
ti:1268749278,1,506,gi|1880404669|gb|AC280219.1|,209752,209247,497,98.221,506,506,Pan troglodytes chromosome unknown clone CH251-95A19, complete sequence
ti:1278505194,151,816,gi|1373450700|gb|MG880225.1|,16462,17129,664,99.401,668,816,Expression vector pSOSV/ZsG-FL, complete sequence
ti:1266480952,1,792,gi|2627431335|gb|OR810931.1|,36516,37308,791,99.622,794,792,Cloning vector pVfC5-16N, complete sequence
ti:1258783746,11,397,gi|2637690952|gb|CP140504.1|,3320281,3320667,381,98.450,387,397,Escherichia coli strain 2023CK-01341 chromosome, complete genome
ti:1278532109,14,798,gi|2627431335|gb|OR810931.1|,38290,37501,782,98.987,790,798,Cloning vector pVfC5-16N, complete sequence
ti:1258780818,1,714,gi|1373450700|gb|MG880225.1|,16513,17223,710,99.440,714,714,Expression vector pSOSV/ZsG-FL, complete sequence
ti:1278516037,1,669,gi|2627592510|gb|OQ077661.1|,57096,56429,663,98.955,670,669,Mutant Human alphaherpesvirus 1 clone H129-Syn-G2, complete sequence
ti:1258780883,4,836,gi|1373450700|gb|MG880225.1|,16574,17409,830,99.282,836,836,Expression vector pSOSV/ZsG-FL, complete sequence
ti:1267068222,6,664,gi|2528177398|gb|CP128500.1|,38955,38296,658,99.697,660,664,Bacillus amyloliquefaciens strain SRCM123364 chromosome, complete genome
ti:1278514933,13,742,gi|1880404669|gb|AC280219.1|,209756,209027,730,100.000,730,742,Pan troglodytes chromosome unknown clone CH251-95A19, complete sequence
ti:1267511183,1,764,gi|1031987331|gb|AC270611.1|,8756,7992,762,99.608,765,764,Pan troglodytes chromosome 2 clone CH251-19L3, complete sequence
ti:1276892157,3,683,gi|1031987331|gb|AC270611.1|,8661,7981,681,100.000,681,683,Pan troglodytes chromosome 2 clone CH251-19L3, complete sequence
ti:1293028609,13,229,gi|2636123995|gb|CP139793.1|,3157403,3157187,213,98.157,217,229,Hydrogenophaga sp. SNF1 chromosome, complete genome
ti:1267070021,9,870,gi|2228685485|gb|OM048934.1|,12988,13852,861,99.423,866,870,Salmonella enterica subsp. enterica serovar Typhimurium strain S1380 plasmid pS1380-118kb, complete sequence
ti:1273712725,7,719,gi|2505587614|gb|CP122609.1|,203824,204524,698,97.896,713,719,Escherichia coli strain ETEC6329F chromosome
ti:1449513500,7,795,gi|1880404750|gb|AC280300.1|,174992,174206,785,99.367,790,796,Pan troglodytes chromosome unknown clone CH251-262N05, complete sequence
ti:1457902570,1,340,gi|1646270033|gb|CP040158.1|,923314,923653,323,94.444,342,340,Leishmania amazonensis strain UA301 chromosome 30
ti:1459016876,1,706,gi|1373450700|gb|MG880225.1|,16583,17286,704,99.717,706,706,Expression vector pSOSV/ZsG-FL, complete sequence
ti:1450781629,4,785,gi|2528177398|gb|CP128500.1|,38932,38151,781,99.872,782,785,Bacillus amyloliquefaciens strain SRCM123364 chromosome, complete genome
ti:1456968112,5,443,gi|2637690952|gb|CP140504.1|,1581112,1581550,420,95.672,439,480,Escherichia coli strain 2023CK-01341 chromosome, complete genome
ti:1457106732,1,711,gi|1373450700|gb|MG880225.1|,16483,17191,704,98.462,715,713,Expression vector pSOSV/ZsG-FL, complete sequence
ti:1450364732,1,676,gi|2627431335|gb|OR810931.1|,38226,37552,673,99.409,677,676,Cloning vector pVfC5-16N, complete sequence
ti:1456105706,1,837,gi|2636600330|gb|CP140008.1|,1657819,1658657,837,99.762,839,837,Escherichia coli strain ATCC 11303 chromosome, complete genome
ti:1456116928,1,695,gi|1880404750|gb|AC280300.1|,174554,175248,695,100.000,695,695,Pan troglodytes chromosome unknown clone CH251-262N05, complete sequence
ti:1463711682,3,808,gi|2637690952|gb|CP140504.1|,1394743,1395550,803,99.258,809,808,Escherichia coli strain 2023CK-01341 chromosome, complete genome
ti:1456975821,1,395,gi|2311012852|gb|ON055168.1|,9018,8624,364,92.152,395,397,Reverse genetics vector pLCK-EBIV-L, partial sequence
ti:1456105523,8,368,gi|2637722068|gb|CP140520.1|,74865,75225,361,100.000,361,368,Escherichia coli strain PNUSAE151637 plasmid unnamed1, complete sequence
ti:1449368791,1,708,gi|2528177398|gb|CP128500.1|,39021,38313,706,99.577,709,708,Bacillus amyloliquefaciens strain SRCM123364 chromosome, complete genome
ti:1450779065,1,350,gi|2637690952|gb|CP140504.1|,981158,981506,340,97.143,350,350,Escherichia coli strain 2023CK-01341 chromosome, complete genome
ti:1458357822,1,780,gi|2627431335|gb|OR810931.1|,38230,37453,777,99.615,780,780,Cloning vector pVfC5-16N, complete sequence
ti:1458356478,1,651,gi|1373450700|gb|MG880225.1|,16515,17163,646,99.080,652,651,Expression vector pSOSV/ZsG-FL, complete sequence
ti:1465807111,1,778,gi|2528208118|gb|CP128501.1|,3965812,3966585,774,99.486,778,778,Bacillus amyloliquefaciens strain SRCM123386 chromosome, complete genome
ti:1458665926,1,756,gi|1031987331|gb|AC270611.1|,5521,6276,753,99.603,756,756,Pan troglodytes chromosome 2 clone CH251-19L3, complete sequence
ti:1458351777,3,850,gi|1880404750|gb|AC280300.1|,175102,174252,847,99.530,851,850,Pan troglodytes chromosome unknown clone CH251-262N05, complete sequence
ti:1458660441,1,725,gi|2627431335|gb|OR810931.1|,36817,37539,716,98.759,725,725,Cloning vector pVfC5-16N, complete sequence
ti:1458476564,1,760,gi|1373450700|gb|MG880225.1|,16521,17278,757,99.605,760,760,Expression vector pSOSV/ZsG-FL, complete sequence
ti:1465800797,7,792,gi|2637690952|gb|CP140504.1|,4518004,4517219,784,99.746,786,792,Escherichia coli strain 2023CK-01341 chromosome, complete genome
ti:1466092532,1,390,gi|1787596301|gb|CP047075.1|,4486616,4486227,388,99.487,390,390,Escherichia coli strain lacZ_2 chromosome
ti:1456970548,1,752,gi|2616929194|dbj|AP027619.1|,857202,857951,737,97.745,754,754,Escherichia coli PSJ-07 DNA, complete genome
ti:1456975719,1,728,gi|2627431335|gb|OR810931.1|,38004,38731,728,100.000,728,728,Cloning vector pVfC5-16N, complete sequence
ti:1459668358,1,702,gi|2634079938|gb|CP139677.1|,4123306,4122616,686,97.582,703,705,Escherichia coli strain TP6-1 chromosome, complete genome
ti:1463676951,1,738,gi|2636437428|gb|CP139904.1|,4077557,4078298,734,98.922,742,738,Escherichia coli strain THN257 chromosome, complete genome
ti:1450783331,1,711,gi|1373450700|gb|MG880225.1|,16515,17217,703,98.875,711,711,Expression vector pSOSV/ZsG-FL, complete sequence
ti:1465665253,14,799,gi|2627592510|gb|OQ077661.1|,54377,55163,785,99.746,787,799,Mutant Human alphaherpesvirus 1 clone H129-Syn-G2, complete sequence
ti:1465795725,1,116,gi|2528208118|gb|CP128501.1|,3966385,3966500,112,95.726,117,116,Bacillus amyloliquefaciens strain SRCM123386 chromosome, complete genome
ti:1463683074,3,801,gi|1603831013|gb|AC279083.1|,196560,195762,799,100.000,799,801,Pongo abelii chromosome 16 clone CH276-147P21, complete sequence
ti:1465564017,6,820,gi|1031987331|gb|AC270611.1|,8775,7960,811,99.144,818,820,Pan troglodytes chromosome 2 clone CH251-19L3, complete sequence
ti:1457902218,1,114,gi|2637722068|gb|CP140520.1|,75583,75470,110,96.491,114,114,Escherichia coli strain PNUSAE151637 plasmid unnamed1, complete sequence
ti:1450783037,1,409,gi|2528208118|gb|CP128501.1|,3965846,3965438,407,99.511,409,409,Bacillus amyloliquefaciens strain SRCM123386 chromosome, complete genome
ti:1456622530,12,742,gi|1373450700|gb|MG880225.1|,16464,17194,725,99.179,731,742,Expression vector pSOSV/ZsG-FL, complete sequence
ti:1463672526,7,835,gi|2528208118|gb|CP128501.1|,3965654,3966485,829,99.639,832,835,Bacillus amyloliquefaciens strain SRCM123386 chromosome, complete genome
ti:1456113140,1,777,gi|187964541|gb|EU536436.1|,146,922,775,99.614,778,777,Uncultured bacterium clone nbt213g12 16S ribosomal RNA gene, partial sequence
ti:1456625763,5,790,gi|2637695255|gb|CP140505.1|,90420,91206,784,99.619,787,790,Escherichia coli strain 2023CK-01341 plasmid unnamed1, complete sequence
ti:1456623881,3,717,gi|1373450700|gb|MG880225.1|,16463,17179,714,99.582,717,717,Expression vector pSOSV/ZsG-FL, complete sequence
ti:1463905571,3,575,gi|2637695255|gb|CP140505.1|,91101,90533,569,99.302,573,577,Escherichia coli strain 2023CK-01341 plasmid unnamed1, complete sequence
ti:1466090777,1,743,gi|2621922897|gb|CP138419.1|,1273928,1273185,742,99.597,745,743,Escherichia coli strain 30EVA2 chromosome, complete genome
ti:1458484481,5,221,gi|2637722068|gb|CP140520.1|,75725,75942,216,99.083,218,221,Escherichia coli strain PNUSAE151637 plasmid unnamed1, complete sequence
ti:1450359122,1,644,gi|1373450700|gb|MG880225.1|,16527,17164,619,95.672,647,657,Expression vector pSOSV/ZsG-FL, complete sequence
ti:1457582290,4,851,gi|2637690952|gb|CP140504.1|,1033548,1032700,845,99.412,850,851,Escherichia coli strain 2023CK-01341 chromosome, complete genome
ti:1465789858,1,613,gi|1373450700|gb|MG880225.1|,16489,17102,605,98.214,616,613,Expression vector pSOSV/ZsG-FL, complete sequence
ti:1450357225,1,720,gi|2528208118|gb|CP128501.1|,3966235,3965518,716,99.444,720,720,Bacillus amyloliquefaciens strain SRCM123386 chromosome, complete genome
ti:1457572405,3,571,gi|1373450700|gb|MG880225.1|,16463,17030,568,99.824,569,571,Expression vector pSOSV/ZsG-FL, complete sequence
ti:1459678440,1,775,gi|2627592510|gb|OQ077661.1|,61603,60830,771,99.484,775,777,Mutant Human alphaherpesvirus 1 clone H129-Syn-G2, complete sequence
ti:1584562299,1,729,gi|2636437428|gb|CP139904.1|,1856153,1856881,726,99.452,730,729,Escherichia coli strain THN257 chromosome, complete genome
ti:1580798996,1,655,gi|2637690952|gb|CP140504.1|,4475903,4476545,639,97.557,655,658,Escherichia coli strain 2023CK-01341 chromosome, complete genome
ti:1585327784,1,763,gi|2617176005|dbj|AP027897.1|,3253403,3254148,738,96.597,764,763,Escherichia coli 2018-09-2CC DNA, complete genome
ti:1587924080,1,698,gi|1373450700|gb|MG880225.1|,16586,17283,697,99.714,699,698,Expression vector pSOSV/ZsG-FL, complete sequence
ti:1587929358,1,772,gi|2627431335|gb|OR810931.1|,37352,36576,771,99.228,777,772,Cloning vector pVfC5-16N, complete sequence
ti:1563673959,11,742,gi|2627592510|gb|OQ077661.1|,54463,55195,726,98.776,735,742,Mutant Human alphaherpesvirus 1 clone H129-Syn-G2, complete sequence
ti:1584568061,1,713,gi|2637690952|gb|CP140504.1|,3277919,3278631,713,100.000,713,713,Escherichia coli strain 2023CK-01341 chromosome, complete genome
ti:1588146442,9,716,gi|1880404750|gb|AC280300.1|,175256,174553,702,99.153,708,716,Pan troglodytes chromosome unknown clone CH251-262N05, complete sequence
ti:1588145415,1,706,gi|2637690952|gb|CP140504.1|,538502,539207,706,100.000,706,706,Escherichia coli strain 2023CK-01341 chromosome, complete genome
ti:1560550797,1,742,gi|2636437428|gb|CP139904.1|,3314493,3313752,742,100.000,742,742,Escherichia coli strain THN257 chromosome, complete genome
ti:1586301857,10,816,gi|2636437428|gb|CP139904.1|,322184,322992,805,99.383,810,816,Escherichia coli strain THN257 chromosome, complete genome
ti:1566811546,1,439,gi|2637690952|gb|CP140504.1|,282932,282490,438,98.871,443,439,Escherichia coli strain 2023CK-01341 chromosome, complete genome
ti:1586300635,1,757,gi|2636437428|gb|CP139904.1|,876925,876174,738,97.105,760,757,Escherichia coli strain THN257 chromosome, complete genome
ti:1588160656,1,644,gi|2627431335|gb|OR810931.1|,38206,37571,632,97.984,645,644,Cloning vector pVfC5-16N, complete sequence
ti:1561275287,1,367,gi|1646270033|gb|CP040158.1|,923357,923721,356,97.003,367,367,Leishmania amazonensis strain UA301 chromosome 30
ti:1570014262,1,565,gi|2276598936|dbj|AP026448.1|,130252,129689,562,99.469,565,565,Escherichia coli TUM1881 plasmid pMTY1881_NA1 DNA, complete sequence
ti:1587919098,1,731,gi|2637690952|gb|CP140504.1|,3461491,3460761,729,99.590,732,731,Escherichia coli strain 2023CK-01341 chromosome, complete genome
ti:1570044883,10,844,gi|527524054|gb|EU729725.2|,8,840,830,99.282,836,844,Cloning vector pSMARTGC LK, complete sequence
ti:1585328042,1,332,gi|2637690952|gb|CP140504.1|,865843,865512,320,96.386,332,332,Escherichia coli strain 2023CK-01341 chromosome, complete genome
ti:1585936235,1,494,gi|1031987331|gb|AC270611.1|,8791,8297,489,98.788,495,494,Pan troglodytes chromosome 2 clone CH251-19L3, complete sequence
ti:1590729938,5,116,gi|354785662|gb|JN950163.1|,5585,5696,112,100.000,112,116,Mus musculus targeted KO-first, conditional ready, lacZ-tagged mutant allele Boll:tm1a(KOMP)Wtsi; transgenic
ti:1585934568,1,780,gi|2528177398|gb|CP128500.1|,39065,38294,767,98.333,780,780,Bacillus amyloliquefaciens strain SRCM123364 chromosome, complete genome
ti:1580811122,1,832,gi|2637690952|gb|CP140504.1|,357909,357072,830,99.045,838,832,Escherichia coli strain 2023CK-01341 chromosome, complete genome
ti:1588156864,1,726,gi|2637722068|gb|CP140520.1|,74731,75456,726,100.000,726,726,Escherichia coli strain PNUSAE151637 plasmid unnamed1, complete sequence
ti:1582633010,1,804,gi|2637690952|gb|CP140504.1|,4359309,4358508,798,99.130,805,806,Escherichia coli strain 2023CK-01341 chromosome, complete genome
ti:1590730582,5,105,gi|2513288083|ref|NR_185498.1|,3540,3640,101,100.000,101,105,Mus musculus ubiquitin specific peptidase 8 (Usp8), transcript variant 7, non-coding RNA
ti:1566854518,1,754,gi|1031987331|gb|AC270611.1|,5555,6307,749,99.205,755,754,Pan troglodytes chromosome 2 clone CH251-19L3, complete sequence
ti:1568483696,3,638,gi|2627592510|gb|OQ077661.1|,60846,61481,633,99.372,637,641,Mutant Human alphaherpesvirus 1 clone H129-Syn-G2, complete sequence
ti:1584562907,1,115,gi|2637722068|gb|CP140520.1|,73710,73596,112,97.391,115,115,Escherichia coli strain PNUSAE151637 plasmid unnamed1, complete sequence
ti:1587922081,1,726,gi|2627592510|gb|OQ077661.1|,61518,60793,724,99.725,726,726,Mutant Human alphaherpesvirus 1 clone H129-Syn-G2, complete sequence
ti:1561016616,1,191,gi|2637690952|gb|CP140504.1|,2312158,2312349,188,97.917,192,191,Escherichia coli strain 2023CK-01341 chromosome, complete genome
ti:1585928416,11,834,gi|2528208118|gb|CP128501.1|,3966310,3965486,823,99.637,826,834,Bacillus amyloliquefaciens strain SRCM123386 chromosome, complete genome
ti:1580803623,1,704,gi|2637722068|gb|CP140520.1|,74815,75518,704,100.000,704,704,Escherichia coli strain PNUSAE151637 plasmid unnamed1, complete sequence
ti:1590727924,5,112,gi|291558333|emb|FP929061.1|,595672,595565,108,100.000,108,112,Anaerostipes hadrus draft genome
ti:1586724938,1,653,gi|2637690952|gb|CP140504.1|,3467661,3467012,649,99.387,653,653,Escherichia coli strain 2023CK-01341 chromosome, complete genome
ti:1570043079,1,487,gi|2021919348|gb|CP048935.1|,424082,424566,482,98.973,487,487,Escherichia coli strain TCBK21G178 chromosome, complete genome
ti:1590707338,5,118,gi|2452958198|emb|OX439031.1|,74892331,74892218,114,100.000,114,118,Mus musculus genome assembly, chromosome: 16
ti:1587920202,1,757,gi|190361701|gb|EU729724.1|,1672,910,753,98.689,763,757,Cloning vector pSMARTGC HK, complete sequence
ti:1590663231,5,130,gi|75750669|gb|AC122753.11|,90914,91038,125,99.206,126,130,Mus musculus chromosome 5, clone RP24-492O4, complete sequence
ti:1560211732,1,358,gi|2637690952|gb|CP140504.1|,1089265,1088907,357,99.443,359,359,Escherichia coli strain 2023CK-01341 chromosome, complete genome
ti:1561016847,1,338,gi|2637690952|gb|CP140504.1|,723279,723616,334,98.817,338,338,Escherichia coli strain 2023CK-01341 chromosome, complete genome
ti:1566861930,5,776,gi|2528177398|gb|CP128500.1|,39076,38305,771,99.870,772,776,Bacillus amyloliquefaciens strain SRCM123364 chromosome, complete genome
ti:1560214266,1,814,gi|2637690952|gb|CP140504.1|,3515912,3516726,808,99.020,816,814,Escherichia coli strain 2023CK-01341 chromosome, complete genome
ti:1585333159,1,371,gi|2627592510|gb|OQ077661.1|,57021,56651,363,97.844,371,371,Mutant Human alphaherpesvirus 1 clone H129-Syn-G2, complete sequence
ti:1563681859,1,419,gi|1240338253|gb|AC275731.1|,172991,172578,414,98.807,419,419,Pan troglodytes chromosome 7 clone CH251-492E12, complete sequence
ti:1590660210,5,102,gi|2567121622|gb|CP132969.1|,294787,294690,98,100.000,98,102,Anaerostipes hadrus strain GIF7 chromosome, complete genome
ti:1586303859,1,795,gi|2627592510|gb|OQ077661.1|,56441,57236,793,99.623,796,795,Mutant Human alphaherpesvirus 1 clone H129-Syn-G2, complete sequence
ti:1588149421,173,694,gi|1373450700|gb|MG880225.1|,16461,16982,522,100.000,522,694,Expression vector pSOSV/ZsG-FL, complete sequence
ti:1978620479,98,589,gi|2311012852|gb|ON055168.1|,9237,8752,482,97.967,492,591,Reverse genetics vector pLCK-EBIV-L, partial sequence
ti:1983938192,1,291,gi|1646270036|gb|CP040161.1|,1417820,1417530,290,99.656,291,291,Leishmania amazonensis strain UA301 chromosome 33
ti:2005564056,1,296,gi|2483488447|gb|CP119196.1|,5076,5366,286,96.296,297,297,Xenorhabdus sp. SF857 plasmid unnamed
ti:2001852638,1,853,gi|2616890418|dbj|AP027553.1|,4370240,4369386,848,99.065,856,853,Escherichia coli LR-58-1 DNA, complete genome
ti:2017096463,3,506,gi|1031987331|gb|AC270611.1|,8281,8783,503,99.802,504,506,Pan troglodytes chromosome 2 clone CH251-19L3, complete sequence
ti:1983518243,68,640,gi|1373450700|gb|MG880225.1|,16462,17032,569,99.302,573,640,Expression vector pSOSV/ZsG-FL, complete sequence
ti:1983938935,14,382,gi|2637717002|gb|CP140519.1|,4480760,4480392,369,100.000,369,382,Escherichia coli strain PNUSAE151637 chromosome, complete genome
ti:1978622404,1,804,gi|2637695255|gb|CP140505.1|,90220,91028,797,98.517,809,804,Escherichia coli strain 2023CK-01341 plasmid unnamed1, complete sequence
ti:1973627060,1,430,gi|2637695255|gb|CP140505.1|,91612,91185,425,98.837,430,430,Escherichia coli strain 2023CK-01341 plasmid unnamed1, complete sequence
ti:1978610781,1,650,gi|2637690952|gb|CP140504.1|,165557,164909,647,99.538,650,650,Escherichia coli strain 2023CK-01341 chromosome, complete genome
ti:1973631407,1,694,gi|1373450700|gb|MG880225.1|,16531,17226,693,99.569,696,694,Expression vector pSOSV/ZsG-FL, complete sequence
ti:1979499905,1,505,gi|1573756248|gb|MH990332.1|,13786,14290,505,100.000,505,505,Expression vector pEVL300.T7proAGG>Gilman(13bp)TALEN5-2.AclI, complete sequence
ti:2055111153,23,200,gi|2311012852|gb|ON055168.1|,7270,7447,173,97.191,178,206,Reverse genetics vector pLCK-EBIV-L, partial sequence
ti:1977272642,1,512,gi|2528208118|gb|CP128501.1|,3965943,3965434,502,98.047,512,514,Bacillus amyloliquefaciens strain SRCM123386 chromosome, complete genome
ti:2010113174,5,820,gi|2627431335|gb|OR810931.1|,38842,38028,814,99.755,816,820,Cloning vector pVfC5-16N, complete sequence
ti:1986364649,1,551,gi|1373450700|gb|MG880225.1|,16515,17068,547,98.559,555,551,Expression vector pSOSV/ZsG-FL, complete sequence
ti:1983870754,1,530,gi|2637690952|gb|CP140504.1|,3327782,3328310,527,99.434,530,530,Escherichia coli strain 2023CK-01341 chromosome, complete genome
ti:2019488753,1,676,gi|2311012852|gb|ON055168.1|,9212,8538,675,99.852,676,676,Reverse genetics vector pLCK-EBIV-L, partial sequence
ti:1994405811,1,754,gi|2637690952|gb|CP140504.1|,2817782,2818535,753,99.867,754,754,Escherichia coli strain 2023CK-01341 chromosome, complete genome
ti:2010528251,1,508,gi|1646270033|gb|CP040158.1|,923254,923761,507,99.607,509,508,Leishmania amazonensis strain UA301 chromosome 30
ti:1983437514,73,439,gi|2311012852|gb|ON055168.1|,9237,8871,367,100.000,367,439,Reverse genetics vector pLCK-EBIV-L, partial sequence
ti:1983437138,7,806,gi|2637722068|gb|CP140520.1|,74756,75555,795,99.375,800,806,Escherichia coli strain PNUSAE151637 plasmid unnamed1, complete sequence
ti:2009035501,12,268,gi|2637690952|gb|CP140504.1|,623570,623826,257,100.000,257,268,Escherichia coli strain 2023CK-01341 chromosome, complete genome
ti:2055116321,1,476,gi|1373450700|gb|MG880225.1|,16615,17091,473,99.161,477,476,Expression vector pSOSV/ZsG-FL, complete sequence
ti:2001860772,1,583,gi|1373450700|gb|MG880225.1|,16566,17135,567,97.256,583,583,Expression vector pSOSV/ZsG-FL, complete sequence
ti:1973637942,1,431,gi|2528208118|gb|CP128501.1|,3965450,3965879,430,99.768,431,431,Bacillus amyloliquefaciens strain SRCM123386 chromosome, complete genome
ti:1983518760,137,360,gi|1373450700|gb|MG880225.1|,16460,16682,223,99.554,224,360,Expression vector pSOSV/ZsG-FL, complete sequence
ti:1983943512,1,146,gi|1881570151|gb|CP057402.1|,1254340,1254195,141,96.575,146,146,Escherichia coli strain RHB27-C21 chromosome, complete genome
ti:1983117113,1,286,gi|1646270036|gb|CP040161.1|,1417793,1417508,285,99.650,286,286,Leishmania amazonensis strain UA301 chromosome 33
ti:1983691150,1,620,gi|2311012852|gb|ON055168.1|,9225,8608,614,99.032,620,621,Reverse genetics vector pLCK-EBIV-L, partial sequence
ti:1983438092,1,712,gi|2637690952|gb|CP140504.1|,877455,876744,712,100.000,712,712,Escherichia coli strain 2023CK-01341 chromosome, complete genome
ti:1983947249,1,424,gi|2637722068|gb|CP140520.1|,75789,76213,421,99.059,425,424,Escherichia coli strain PNUSAE151637 plasmid unnamed1, complete sequence
ti:1983129066,13,839,gi|2637690952|gb|CP140504.1|,1114605,1113779,826,99.758,828,839,Escherichia coli strain 2023CK-01341 chromosome, complete genome
ti:2016055031,1,587,gi|2528177398|gb|CP128500.1|,38240,38825,580,98.807,587,587,Bacillus amyloliquefaciens strain SRCM123364 chromosome, complete genome
ti:1973635111,1,705,gi|2637690952|gb|CP140504.1|,141505,140806,696,98.723,705,707,Escherichia coli strain 2023CK-01341 chromosome, complete genome
ti:1983937965,1,723,gi|2311012852|gb|ON055168.1|,9210,8488,723,100.000,723,723,Reverse genetics vector pLCK-EBIV-L, partial sequence
ti:1979502215,1,778,gi|2627592510|gb|OQ077661.1|,61661,60886,766,98.331,779,778,Mutant Human alphaherpesvirus 1 clone H129-Syn-G2, complete sequence
ti:1974947800,1,762,gi|1880404750|gb|AC280300.1|,174433,175191,759,99.606,762,764,Pan troglodytes chromosome unknown clone CH251-262N05, complete sequence
ti:2017088356,40,502,gi|1646270033|gb|CP040158.1|,923262,923717,440,94.828,464,507,Leishmania amazonensis strain UA301 chromosome 30
ti:1983702538,1,761,gi|1373450700|gb|MG880225.1|,16537,17294,758,99.606,761,761,Expression vector pSOSV/ZsG-FL, complete sequence
ti:2016870851,1,536,gi|2637690952|gb|CP140504.1|,1090896,1091430,535,99.813,536,536,Escherichia coli strain 2023CK-01341 chromosome, complete genome
ti:1983518843,1,690,gi|2311012852|gb|ON055168.1|,9220,8535,683,98.986,690,690,Reverse genetics vector pLCK-EBIV-L, partial sequence
ti:1978160524,1,282,gi|2636437428|gb|CP139904.1|,1414522,1414803,282,100.000,282,282,Escherichia coli strain THN257 chromosome, complete genome
ti:2019487159,93,392,gi|1646270036|gb|CP040161.1|,1417843,1417544,300,100.000,300,392,Leishmania amazonensis strain UA301 chromosome 33
ti:1983867336,1,310,gi|1646270033|gb|CP040158.1|,923325,923634,306,98.710,310,310,Leishmania amazonensis strain UA301 chromosome 30
ti:1992252578,1,667,gi|1373450700|gb|MG880225.1|,16518,17178,658,98.651,667,667,Expression vector pSOSV/ZsG-FL, complete sequence
ti:2010119889,2,778,gi|2637690952|gb|CP140504.1|,900282,899502,777,99.488,781,778,Escherichia coli strain 2023CK-01341 chromosome, complete genome
ti:2017093699,1,633,gi|1373450700|gb|MG880225.1|,16470,17104,633,99.685,635,633,Expression vector pSOSV/ZsG-FL, complete sequence
ti:1983437338,1,433,gi|1373450700|gb|MG880225.1|,16584,17015,419,96.767,433,433,Expression vector pSOSV/ZsG-FL, complete sequence
ti:2007697906,1,283,gi|1646270036|gb|CP040161.1|,1417834,1417552,281,99.293,283,285,Leishmania amazonensis strain UA301 chromosome 33
ti:2016864364,154,521,gi|1646270033|gb|CP040158.1|,923258,923625,363,98.641,368,521,Leishmania amazonensis strain UA301 chromosome 30
ti:1983519743,1,713,gi|2311012852|gb|ON055168.1|,9231,8518,712,99.720,714,713,Reverse genetics vector pLCK-EBIV-L, partial sequence
ti:2001853061,1,628,gi|1373450700|gb|MG880225.1|,16488,17107,615,97.774,629,628,Expression vector pSOSV/ZsG-FL, complete sequence
ti:2017101748,1,564,gi|1373450700|gb|MG880225.1|,16529,17088,558,98.936,564,568,Expression vector pSOSV/ZsG-FL, complete sequence
ti:1983949069,1,453,gi|2636437428|gb|CP139904.1|,759589,759137,451,99.121,455,453,Escherichia coli strain THN257 chromosome, complete genome
ti:2019478754,12,786,gi|2637690952|gb|CP140504.1|,4745392,4746174,774,98.851,783,786,Escherichia coli strain 2023CK-01341 chromosome, complete genome
ti:1973449720,1,235,gi|1646270036|gb|CP040161.1|,1417748,1417514,235,100.000,235,235,Leishmania amazonensis strain UA301 chromosome 33
ti:1992265495,1,377,gi|1804576808|gb|MN881055.1|,12,382,356,94.180,378,377,Vitis vinifera clone BAC VRAN-43N12-AC genomic sequence
